8092ba57-b825-45b3-8c23-7aa6f0428d48,
23b68f3a-b37c-4104-86eb-64e09d53501b,
00f9bbc8-231e-4ab0-9ca0-2f5a18f82e4e,
252804a6-41ba-4fc0-a0cf-116ef44e2dd8,
9cedff9f-04bb-49c3-a458-5e43c46c7b02,
dbad9d5c-e199-47fa-86ad-255159498b54,
3662ff20-a1c5-49dc-800b-623222bef92c,
7ba1a5ae-3555-42db-b2c2-69b56d9accab,
ff0f6b4c-a8fb-4945-b28d-355c6604df5f,
b2fedd46-e285-4fc4-bb88-adb8cfaa8b1a,
685eaf71-bd5e-45fb-ae25-abcef6a75dfb,
aedbe11d-93c9-489e-84e3-38d0d2bc6e26,
b51ccb69-ca79-407f-94d9-742a1b6d3f2f,
52fac67e-a5b0-4182-a03a-8e66276c57ae,
00be42ef-6858-4d1c-b702-46b82744ef16,
0e7743e5-bd7f-426b-94f5-15330284c5a2,
8c4006f7-05a3-4de1-a1f4-020a05aeb986,
84338618-4851-4d4c-97e4-8edc244d1e6a,
4ecb9196-c910-4c3a-894f-38e0776f8d0f,
82350c44-d5ee-415e-aff8-f40ffe727385,
efdcf4c4-1c14-4b7b-b311-15a29d1979a3,
46f8ba94-db2e-48a7-8faf-439b33d7123c,
39ccd50c-292a-4537-9193-68dd9819a919,
afa51ec5-fde1-46ba-ba75-ec9c39becde3,
e6b5cfe7-a60c-4cb6-ad51-a2d08b6ee501,
9ad6d9eb-b800-4828-93b7-17854aed8282,
bd5edbc6-0f5a-49ca-96a3-7539903f4293,
f439b7a9-fc66-4347-b8af-084bbcae3bb5,
5a4b5288-c146-465e-a3ee-8ec3deaa28a2,
8e37fa31-2856-4202-aa51-527455e9db89,
c18c936e-0ac2-4070-8d7c-f78d5f1da683,
ddb99705-0df9-4c82-85a6-2680caaaf614,
3a157dfa-8cb1-4ebe-838f-8cf22f3177a0,
99caf8fb-5688-4e72-b241-f23e7d5d62aa,
855ddefe-e1d2-43cc-b66a-e94766499492,
bf54faeb-b393-463d-a34b-380d7a9aaee9,
114c9f49-d73b-47e1-986c-818bafdb68ab,
97b7bbf8-03db-4c37-a98a-0a5656e51c84,
776a895a-0a71-49fc-aa1c-dc8ecab9e1ce,
b0da8b4c-ac84-4483-b0a7-079ff35ec816,
5461deef-fb2d-4675-92a4-cf8de1d90436,
3f05d37d-4054-4eb4-98db-a9d15d71e4f9,
a6d360ab-3594-47d7-bbdf-6ffdf4b2c528,
83296faa-47f8-4014-8295-7dbfc9f94d03,
2873c089-a149-49c2-a3fc-45ae11009151,
83221d5f-ca4c-487a-aff4-cf19754046ea,
1d6625d9-7541-4bce-8f29-05c153d83afc,
f28d562c-d2a8-43cf-bb55-7a2af089f85e,
362a3e3f-999d-48f5-a4b1-2e8ef4885a89,
db7021e9-b07a-46fa-a73a-a405003ad83d,
41a3511d-daec-47f7-a6a6-3c280f056bd1,
4796873b-41f4-46eb-9512-a5fc4b27b3de,
9b273a59-552a-4877-8347-c20e6d54ce29,
f5ac398e-5f9d-49fd-960f-3d573e33d549,
33a7d94c-e144-41f2-a069-e22e71ec8315,
f32ab3ee-8e55-441a-8bea-562897f290b8,
b5dd9dca-385a-4b23-ad88-2c8982423a77,
9d43e0cb-2eeb-4603-820a-ec1e751b1429,
17c57a11-f07c-46be-bbcf-dc3d80e80124,
a37f0f0d-7f8c-4632-8f6d-e63daaf77dca,
f059baa4-ed37-4e1f-b7bd-3645c8dd56eb,
c3560313-de0b-46d4-9688-bbcad0cf78cf,
14f18157-6b92-463a-9939-c3e27133b67b,
9bf22a25-e3c4-4c6c-aad4-eee2a2eb444f,
051f77a9-06ce-483f-b07c-cb69e851d297,
6949fdbb-7bb6-46d0-b817-593fae17285e,
eec01627-b6d3-400f-b95a-6f0d403db3d6,
5edf14ec-67e2-4351-b08c-a86ce616dd3b,
d00ac1c5-118f-495d-9902-6ddce0a39b91,
370cd4b9-4deb-4739-8b36-9522b201ea54,
c0fb110b-d46c-474b-a67d-ec1e2fef468c,
5f99b5bf-52be-4e5d-8f94-8822803787b1,
b5fb5d04-001c-4afd-8579-b1453bf5b2e9,
059eb4d6-aa41-41ba-afd3-69dd77fd1178,
c78134be-d4a6-4ee9-95c5-09ca2c143438,
787c7a97-c0de-4e31-9d3b-7cac8e6f030c,
e4a0aae2-1272-447d-8825-3eaf8143f137,
91507a63-dff0-438b-8e2f-5ec4e642cd90,
dd38bcd7-896a-4b67-9b11-79800efd4290,
a5e9368c-80f6-4ee4-8d18-22954abefa8e,
bd466956-4263-412e-a196-3a42ba5f4fe5,
4d9f241a-2367-4b45-8c3c-0effd9d98966,
d624d4e2-18ed-4a2a-a55d-0ae5a1c1506d,
38cb7eb7-9196-4f66-9a7f-a76d60147498,
91b7d616-14f4-4093-b2f8-ffbe5a59817a,
fb6bacfc-b035-43e2-ab74-5f9dbf504e19,
e7544ca2-d56c-4e38-8c99-fc9af18c0ea8,
a25d6288-b203-488f-a581-6eb4f9a482eb,
a360e24e-810f-45a6-8245-aab59a0eed06,
96dcd501-11b4-4df5-aa38-7debf3c100f4,
8973278d-5c4a-4490-9d3c-fbd5d1164450,
7970c7cc-7fe4-43d6-bab6-5022661992fc,
a4f2e459-8917-4484-bde9-cf7f16f85ae6,
c78c4026-e1a3-4119-a333-963b429de27d,
138762b3-76a7-4090-95bd-d6818543869f,
71fbebd8-4066-4c72-ad9d-6fc701c27d41,
1e956b8a-e703-4a37-af84-5a210bd3c3e1,
936420d9-276b-4040-a5f6-2a783fb12e7a,
dce35b86-5254-41ed-8f94-77e39e573b39,
3f7e4169-49b5-4f36-adf1-ed492f6524a4,
3b7af000-e29b-4d52-9ce2-28620946a93e,
aee43094-3ad7-4fb3-a10a-69feb0012388,
48ccca79-349c-4fe2-b635-df6e5bb60e13,
730558ce-f1ac-4c27-b564-72089729d582,
2fd0cd2e-45f9-4230-87a1-54fbcd7d4c23,
3ce919dd-f3fb-4b30-9da6-7c16fed579f2,
3caab16f-ede7-4816-9736-a764fcf39e0b,
b2ebe74a-04ad-4524-af77-6ebe29435219,
6b3a458b-d6ff-4551-b734-11cdf21a437b,
390228a9-a26a-45ed-9ef1-a98e6261b692,
6c934896-d922-41a5-bb1e-572a5eb41895,
7e283ac3-e712-4b14-b67b-7a82e66520fc,
a111b0e6-2d01-4d99-997b-04ec97e67cb5,
d9ffd267-8bc9-4627-8995-65ff5a5e023a,
2568f1ac-e4ef-4d29-901d-a0de7e2aeed1,
299bd372-38cf-46fb-8f59-60c262d5b179,
a2c34bc9-2d4b-48eb-940d-1bb3ee0f7b8b,
e1b2982b-a5bd-47fc-ae06-36b5b1e9c449,
dde2d197-7273-454c-97ce-651009755392,
629a50e0-f62f-4436-94c4-25dadd803374,
6328b7ee-1b0d-43b4-bcf1-a5ccbd9abb92,
44bb77ad-026b-4e67-991b-ffc8b2fa3971,
95087647-d503-4521-ae72-6ac237e7126b,
c317eb42-bd73-4fbd-b78f-a0019618b51d,
abe95baf-e161-43e3-8376-db2c0dc0d22c,
e8e9729c-6ebe-4c84-8a12-23f9338f3023,
b3ed5fd1-90b3-4c0e-bcad-a570f800de6d,
5afa95bf-98e1-459d-ab1c-26d8828f20d2,
14fdf12b-ea3c-4068-b98c-0a2776285742,
6492633b-8c4f-4e64-a422-52ebae37b2c5,
3a60a7dc-ce00-44a5-ac77-e8c0092ea7c1,
c77bc609-a7db-4829-84bb-f5e670695a65,
ce415d0b-a3d0-4e04-b3c1-75a32973727d,
55d8dc65-df5b-4b54-aae0-6e37aa9cb927,
d93675f0-c1a4-462f-8c20-09e93ddaaa70,
b57424c4-ac6a-476b-9a59-0003712dd014,
5770ff2b-488a-433f-9d59-4cc69ac3d750,
6ae657d9-7515-434c-9682-a996cac105eb,
2059b4b3-8aaa-4953-b12e-5904f268fabd,
beadb74a-8362-4f2c-b7d6-cac3c77a2b48,
cdc99d8b-5806-4708-ba81-3569a22f225c,
e9412698-b435-432b-848b-a7916150b2e3,
fdf196c1-1993-4f63-b5d6-287e43424ef1,
d6959f9a-c2c3-43a8-a1c2-9b6c99a04cee,
98236372-295d-43c2-8d38-d937a05a7031,
b47090a6-d0a1-4d7d-a363-076489c63dc7,
e713ea3f-0627-4d01-b45a-7c09f4d3974e,
13795cce-7ebf-42fb-a572-b3b1eec9fafa,
2f4d138b-d850-400e-99a4-648cbf1fd6cb,
25e11b70-d761-4c28-9ee8-2c23bcfb35ae,
11f666e4-eaff-4519-b3b9-17a808a856ed,
25a29743-5068-4af0-8c0a-b627f11ec3da,
6b93a67a-a7b8-4958-b47b-a1a34b425073,
2beb5047-5b46-4dd0-ac7c-57a8b898f1a2,
6c77c834-1ad6-46e5-89fb-984b3797b2c6,
2d820bba-c4e3-42f7-8c3c-1d79cf3e6d6a,
3a7b6c05-9fb6-4005-8dc9-8f57692513d7,
33cadab8-81e4-4024-b528-dd66ac2a31d8,
564e2998-4189-4e93-ac7d-39a046953387,
8b8f553f-4dcf-481d-a9d2-9a0763577f49,
bdbc87d8-489a-4af6-a28c-2c7e1b103cbe,
8624f462-8241-4807-9f9b-de969115add2,
bee645bf-60d9-423e-8282-9bfc1e44d7b3,
e30096b1-4840-4e63-9fe9-70592331f409,
85c1a591-8962-40e3-bce5-75cc2d57f240,
03021929-9e01-43bb-beeb-2c6457e3cf26,
6474facc-b67b-456f-8cc5-d23cd07b3b5c,
3a217515-394a-486b-9544-4211d0b0f9a8,
cc3c2e32-da18-4278-8d85-ce10465865d6,
c987c7dc-5da6-4e35-a8ee-e143860687fa,
bdf86a3b-e4e1-4ad2-b16c-e3b2924ddb36,
a66794da-aa26-4965-a2f5-8ecad65a4528,
94111a3f-bac4-4ace-ae89-45002ffd21a2,
b624b7e1-c9cf-42fd-89d8-7b12f34184ec,
3ffda3b5-8731-486d-aa42-a4d14b27dc49,
bd01a3f1-d305-404c-bd2e-2fb79189b9b0,
21f8df5e-00a8-41c8-be52-162af44fc671,
e66ee479-7387-4749-b25f-fec9741fbb6f,
d95cfee9-f29d-4978-803c-678134399edd,
4883bb4a-caa9-4784-91ea-96fc448b688a,
948d7e1b-5c0f-4aba-904c-89a6cac03ae4,
052ae737-de27-4bb9-b406-c15b31a9790e,
99326a12-bac4-4c1d-bbcc-b52ae55d0237,
622d62de-97ac-4105-a37b-9f661d2b9216,
223ae5a5-ffb2-4bc7-8aea-a3becf726c60,
ff808dbf-f7c9-4651-a7de-aacdc17a8cd1,
d081502c-ecd7-4b26-bf8a-0e085e8eb864,
314e9db0-7ced-4594-997c-5bdfa9a005a9,
3acb1989-6ffe-4eac-ab68-6c7899a46d64,
c36aa613-275b-4d5a-8b30-5a481b9cfb20,
10b4800b-e724-47d7-9a13-0c3ed184c716,
e4e76e45-5ff5-45f3-8236-73b49df232c8,
cfce0f34-1a02-45a8-a47c-a3270ebaa5da,
c346fb4b-746d-4acd-be3a-8869f3f488d8,
77b78d39-9dfe-4ee1-938b-2a629420d78c,
fa134487-ce4b-4a0c-b49a-29fe2177b210,
5692e0ab-bc52-48ef-97c0-3f86b12b064f,
5f615c10-eb8d-4415-b75f-b2fade0ca968,
1c9931cf-f5eb-472c-80e8-afa300b52005,
11824fc0-3454-42d4-b8bb-513aae14cb35,
eddabb14-1e98-48d8-9c8a-ab31f1f91e81,
5e5836ea-c8b8-41d8-8b84-92d07c7a04ef,
1c1f8714-a1e5-4c34-8217-98f0d4f48e64,
a4ce5aeb-ea8a-45d4-9353-b7947d78d679,
4e8574d8-3458-45eb-b9df-fd49c47bc5b7,
185c5210-662a-46cd-9e20-14c7540e0a93,
c0b2fbb9-1708-4a35-849e-5f732694f4d1,
2086cfd3-75fc-4e2e-9271-1fce31a6093c,
6884ed9c-65c6-4d49-bdba-f7ed9dde61dc,
feb0045c-4674-4210-b7c3-d09325dbec66,
6567245e-8f9b-43f7-984a-5135edf3860d,
ca62abb2-a35d-4bfc-842a-e7714c9ff05e,
3659b844-3084-4302-9085-c2ae270685ec,
bae01588-71a2-4154-ada3-bb1eeecd7f69,
d364a41f-3e13-4c7f-a020-0aa0239da7ed,
28efe435-d3ff-4004-9a60-c1260d18dc3d,
374a0c02-64ab-4ab7-8c2a-65161808ba1b,
87cd285f-a67b-4950-a6e4-9357e1ef3c70,
cf58fe2b-1784-41cd-8a3e-a011d4a4574e,
4477d66e-f0ce-47d8-b2c6-9a5046d374df,
303c7e73-33d9-4953-a5d7-dd01bf1b5605,
6bd4c7a6-dd03-4ae6-a891-7e341d210ccd,
58e5f4c8-3604-447a-a208-034c841e8e4d,
6a03653e-0850-4762-9a30-9ecfb7a99686,
1b8e1cd3-e285-4804-a10b-1b4dd4c325f6,
aecbf071-6472-4998-ac3c-8977ab93ebea,
3e4f4062-b560-4625-9b7b-fe86d39bf201,
df757327-34fa-49a2-988f-8e2b16b714d5,
4845e8a1-950e-44ab-8f2c-3bd56e212102,
a6183b8c-c9a5-4d77-8299-0a8ba917f267,
c47fa4d0-e4a9-4f14-9998-1b27cb662f7e,
d5631ef3-5d2a-42bc-88cf-7b1bc3ede160,
ed82046f-5073-4644-bc0b-6084d4979d33,
b84a6da2-3e27-47ad-8895-f358ac6cd112,
d41b88cc-de6c-449f-9f3c-788eeeec8312,
31db365f-01de-4757-8be6-02ec48bc3eb6,
c4305d19-bbdf-4e93-a074-7997c4a07361,
bf09247d-a85e-441d-9468-56a5c9343a0d,
f88cc132-2071-4a4d-9a92-1efbea6b0f12,
878562c2-f5ed-46a0-81dc-dd51eb4e8615,
25aadcd2-28e4-4836-b2f3-904eabd6d308,
5223653e-357c-43cc-af7d-f78b59c1877e,
5d0fbc82-0419-4586-a297-a3e29639c3fc,
01b285f0-45cc-49af-88c5-2692164e0644,
111315f5-a6b7-471c-ae1b-7b1cc5f70d6b,
4cb953da-e8f2-4d94-9fc2-1d9bbf77442d,
fc4c2495-79a6-4c40-9523-74ebbbbcf9f6,
e9237512-fe6a-460b-9cf4-d69b209734ef,
ca76733e-2c5d-48db-a942-c73f3d4f95a8,
5ce05907-e542-49aa-a93c-54d1284d6e1f,
4c3d02c4-95e2-4ed5-972e-2b3ea22607a1,
f8ee4714-46e6-4b27-a644-acd8619cab2c,
749b3e7e-965a-496d-a0b0-a19d0e21710e,
ee79e3bf-6745-425b-8e91-c44051179224,
2f09c466-b2eb-4c6d-a3a4-058bc7fda3ee,
e9c3ffb0-62d2-4e30-8bf8-7b6bb5b3547f,
9e85ef83-f345-4de2-a971-f1c3c546bac1,
3b769d70-7848-48af-a4ce-52273f2968f0,
89b1a44f-b715-4a28-bf3e-61a6cbdaf559,
9cec448f-9479-4d3d-9afb-5269c2a7d4e4,
fe183928-5fbe-4e8e-a78d-3eccf48947c6,
0594491e-eded-4487-b130-b293cee1d2ad,
b61f1672-ef35-467c-9e66-8f01658abb7c,
c68e8053-f2a3-418c-9f77-af80ec3c5326,
b48b2fca-1ec1-4848-b85d-e5fa8dfff201,
81128865-21f8-4845-a801-3a1b84f33caf,
77ad4422-bccc-47b2-b03c-4a3e34d99688,
99aee840-84da-4e29-a28b-a3b6d4ffca5a,
0458d176-6a53-4b22-965d-2a850654bb8e,
b668690a-9257-4349-b3b7-dd53c3aa3119,
96e81464-50d9-40b6-9105-f5b8a3c128a4,
b3b1dba3-6701-4b89-891b-3ebc6d494aeb,
2ca69f56-12b9-4844-b789-464920e59328,
8d1dd310-7fac-416e-ba2c-5917ffae12bb,
235399af-4ebf-4655-878e-3790ef96d3ea,
451da653-83b0-4d1d-b904-c0c75c4b9e38,
72d32054-92b0-42c8-8800-fdff476fa25b,
ab1e53bf-1c7c-4556-ab04-fb0481749dc3,
26e0c3ed-7f28-4ad9-b6a1-4c6c36be6e0f,
f0ed8fcd-e45d-4461-8979-031a8b55d8f5,
5ffbbbb4-acf0-49c8-8ba7-ec0a7c9becbf,
775b14d3-4c2b-4414-96e2-41babf1a4bfc,
fd3fb8ee-1b83-47a7-b7ef-f2f5083ad531,
391e5bf9-5591-4b45-ba7b-f27101c33d89,
7b7b8037-8a05-4955-ac5c-da5e27f9558b,
d8cbc6b9-d5b8-4660-a907-1bc012d36343,
bbe746a4-06e7-44f5-9630-07e31eae86ba,
0f3a5e2f-211e-4365-bdfa-4984df8392eb,
0f754f13-97a0-4226-a17c-8f7688cdb914,
486915ae-6177-4e59-8457-88d15722b7b9,
8eccc14f-5e4a-4d57-814f-93307a370a99,
515b8fd7-0443-4ab7-8534-22b682e665be,
48fe1187-3380-40d8-bc58-f73c6248c46c,
a7454839-cb97-42d5-b879-1a88b68fe146,
215cc3df-4fce-4a4a-b79e-96bb8198a972,
6cf12d6a-ac2a-4bd5-972a-d8764256acce,
c4105535-05b2-4ce6-9fdb-3b67273ab687,
c93ced27-b858-4cda-b0c3-9afd6119b178,
05574eff-3423-4eb3-87b0-3a034da33572,
7ec68b66-0233-4abd-9a90-d18ebddfe36c,
3c9fbc41-182c-4689-b993-719f54f163a4,
7a79b786-2881-44e3-845a-43afa0ec014b,
47c1e6a3-9779-4cf5-a895-bac35a7fd4cc,
37c76cbe-d054-4777-820d-700b5c869097,
d4483348-3f3e-41a3-b441-e963996953f1,
d199f9ce-64b0-4668-8222-1b144ff5042a,
2e10df42-4406-47d6-9ffa-a432ab4019f4,
74a44255-b7c5-4f86-a8f6-2d4062c947db,
81161890-7580-4fcf-a57a-0a959dc64d68,
d3662314-990f-46d2-b235-14d6e4ffb19d,
2d23e7af-afe5-430e-b24a-58d74ecda503,
64f89ddb-8b5c-4a8d-a4f0-888e244ee478,
b4cff7c5-e70d-4ab3-b370-6a8fbbea0bf4,
655a43d0-9376-4739-bc3e-bc41ac8cbb2e,
94ae77df-eebf-4ae2-a0c2-bf6a5499a3a9,
0307a90e-47eb-428b-92d1-5e17f00583e6,
17d16201-b9da-44eb-a2fc-bef2bf0e32c8,
526bebc5-0773-4ff6-a45b-004cea89b020,
fd309b52-8c6d-486a-997e-2497bd854a7c,
74226ea7-b8f1-49f4-b756-36b53586d816,
ff9d3b81-31a8-49cd-baaa-7ae27a4c6b89,
bc79fc52-f839-4416-bd27-a2c5bbf36da2,
7a35cba1-9f8b-4e97-b46e-89f8bab84f79,
9e7e1f6a-b53a-4170-b42d-1a7b8a0b78e9,
1ce9b5d1-51e2-4bcb-9c1a-805a727afc1c,
15faa838-a572-4750-8b05-8dedddf0d641,
452355b3-caad-4669-8a63-be0aa7c622ba,
2424329a-db14-4276-ad26-9bec80a18153,
488e3dee-629e-4ac2-ad62-e0b1637ecf52,
d64f51c3-dc21-4499-84ff-0e7629fb801d,
ceb4ab55-cc41-4a7b-8d27-ecd7942689b9,
7acdba45-1c31-44e7-b379-9856ca647562,
16446e56-d4a9-43d5-8e6b-15cb1484f408,
bffe1b19-266a-42f4-9f13-d12e857f3cc1,
01ffbe52-f470-4abd-a6cb-fa4eede4dffc,
fcc7585a-4fbb-41e5-9031-8fbb376b28b3,
59f25d6b-33ab-460b-900c-4d216637efe5,
9e3360ec-66c9-4bfd-9e2e-4de4231c00e2,
89ab0698-4518-40f4-87ad-29894e104ec2,
a2c8273f-6dc7-488a-8a86-d98019e81d61,
3ec5aee2-7881-4a6d-a41a-7716db7cdff7,
80ee392d-4292-413d-821a-4e0b166ec6fd,
598f6325-780e-4488-a463-beb0a5b28f89,
5deba267-fab3-483a-a8fa-068a597ece58,
4db10b3a-65ad-4ccc-8a4f-9a543fdb1244,
2a7df3c2-226e-4e2d-8feb-f40f9fa0a2c3,
a515c4fe-f780-4399-83cc-5d0ddbb1f684,
82ae97ac-d0ad-4f92-882c-36b6fa2493f1,
56f6060d-3f37-4fff-bf97-990f6bfcac2d,
b23db05e-d2e9-4f5a-adf6-863dd558394c,
90b9cee2-c47a-42d8-9651-21790fa8c25e,
72e988f4-dbbd-49c2-8db1-effcf115fb9d,
aa8124e0-c502-4520-a3b3-085442e98042,
fbd5f7a9-8e6d-4df9-a7e7-27e2e2cabc62,
4a4c923c-95f5-49ba-8c5b-b8a3cd318ab8,
0f3355fb-b16a-4009-8301-ed13b542901d,
570dac97-beb4-41d4-91a3-b0d63b11e759,
b2453258-8f65-4b06-abf2-85e584541cb7,
a4af94d3-5131-4279-bfbc-3f34c48f82da,
01c7fa7a-8db0-44cc-8c2d-18ffe9ef83d0,
6a82d62f-cf17-44f1-ad80-4dfe347af048,
28c53e25-6035-4436-ae65-636b8024e191,
d6d01d88-f3bf-4e65-b509-875b0a8fc35e,
00d3c887-ea2c-4226-ba6a-b10c95a261cc,
fb246a8d-0477-4eb3-8e21-e9e610301fa7,
32fe5101-2cce-4416-9465-866644de9b92,
ea8db3f3-7ee5-432e-ba68-f36f6de68abd,
691bbdc6-a493-43e9-b27a-d60d28734858,
68d902cb-6e29-4b46-8161-1655fbefd93c,
821610d5-d0ba-4f57-928c-c139e8779917,
ddeef5b2-c6a1-456d-a4bc-1e409fcff1f1,
1404e0aa-1de8-4b20-ba91-612f8eba5442,
458f4f03-3cf5-4ffb-8a89-1c58e119def3,
23eaf9d4-e874-4ece-83af-a471cc00d6c8,
94467b5b-e01d-4371-ad24-d8d2af5883f6,
c632e27c-4ac4-4091-9fd5-71f526a26c9d,
3b5323f4-23ef-4c34-b9f2-b727d6e9f7d0,
1827eca2-5230-4320-b09f-9f28005a68d8,
be409660-bb7a-4856-ab28-de5de33f84b0,
f947272f-176d-4693-889b-a295cb61a259,
1d5121db-e62f-4133-8aab-f767c98bef03,
a8bedd05-8920-4994-a795-afd41e2b0e1a,
6fb2d7ee-265d-4358-b643-3c6e037ab9a9,
f01c1ac1-440a-4dc8-9163-a253b14650ea,
3734f4c7-5f8d-450d-9bb1-517d1f280907,
a121af15-254d-40bb-b674-614b3ee35e8f,
171cb22f-5007-4b8b-9503-4042f96f3827,
f4991d58-3ea8-4261-ac00-0b27695e44f6,
41891975-9478-4281-a375-1ebb3e51e221,
15c7cff4-6a04-4301-8341-eb1007a75748,
2aa65333-5099-4c4d-9f24-80af292245f9,
777b1f66-3ab3-4a29-8a4d-2be71af4a8d3,
ec30874a-a415-4bc9-844b-bbcb413270dd,
003d5f42-7559-45d1-8e76-bf8527f338fb,
6127ae2d-98cf-4894-8dac-c6e77dd41138,
b33665ce-d91c-42e1-825a-2d0ef0d8b2d9,
8ddc6d1d-fdb0-4fe3-a807-2af6575b4d8d,
f7cef37d-3ec9-4e20-bab1-b19568597dcf,
3910f3e9-622c-42b9-ac33-2049686798e1,
f80ddcb8-cfc2-4f35-89e0-f2aa14ac8926,
3dbe0bb8-0ee8-4635-83e1-91a0063355b7,
645ee73e-5eea-49b6-8e5e-df0bf2c35bf8,
588954fd-8da2-4422-9939-021c4a780686,
8e646730-f80a-4cd6-aa94-71f719002a0c,
5cd9d3a2-d465-4abe-9bc4-abdb1a663514,
eabec175-7e0f-4f88-b832-3842512d2fff,
005aaf3e-3add-4bc3-a70b-1c2f7500acc3,
5b6c1c79-9760-40a3-b304-c3b17734a80b,
5ce11b99-20dc-4cee-b842-6ea1b8787d05,
5df1f753-2e90-4f8d-8330-22658cf91bf5,
89e2e8b6-4f59-4652-9e5e-9071803f8648,
ab5969c2-da0c-44d4-b109-b786e69dcc95,
341bc53b-b106-4c2e-a4a3-4d95bc8f9c1d,
0845b52d-43ff-4414-9b0d-289c56f3bc15,
633fa89f-30a4-4a69-8200-3d3d14e2b876,
8507576e-bde8-4083-a5fd-c1080ecfb58b,
e9c26fc3-917c-4ac6-bec0-caedf0e50471,
508b7528-a05e-406f-80aa-205f3cdf610e,
da55cfee-86aa-446f-a56f-40808115f0aa,
bb83f14c-223c-4e8a-8709-78b72c4e62b4,
ecf7842a-baf0-480f-9f60-5422edffcdd2,
774b76f9-a320-4c63-8b05-0f82c6360556,
7bd7f952-ab8b-43b2-992a-98b0b682c00d,
2f9ac00d-0c61-4c24-a670-d4a388f485cf,
bcf1dc2c-0c00-4f48-8b14-edaef34a2d5e,
186ca31e-3cc2-4bae-8bc7-2646ddce9d7f,
396adb78-86fb-4c34-8c47-b3b311946e1d,
74445f8b-352b-4b85-afba-32fa432b58f4,
ad51791a-6910-4af8-af85-479496029ab0,
16de6779-0492-4b9b-91ca-484e1c856091,
2cdf472a-6412-44d3-b47c-f17efe8009b6,
6451da99-8695-4d12-8404-8e46fcecad98,
d52c0b90-951a-4982-85d4-9cbd9519b951,
cedc9db2-304f-4c6e-b7e8-0b4b5684e9c1,
ea58dde4-f63d-41db-804f-20e0041442d9,
dd0d8650-97c5-42db-bd73-dd81b8ae7b7a,
bf1e51b9-0d8d-48f0-9eb5-4cc4720d7161,
fd6ae0f9-6f6c-4dd1-9b58-4520416b68e9,
aedc459d-874a-478e-9d65-114feee2a925,
b93f279f-5031-4c4d-81fb-469d607eb410,
3f285cc2-d2e3-4c99-a49f-9759b923b12f,
4d0a82b9-f25f-4943-a8fa-7fb501a55555,
992f7c7b-6b13-457b-9e25-ae79ed6ee0ca,
37935d2e-cb10-4342-9f45-af543679a1cf,
55526d39-46d5-4e5c-a7e9-b572658eddf2,
dcd127a5-a7c9-4e12-90c5-7a0d956454c2,
64100465-e212-43a1-b2f1-7f5bf0d7bb95,
1b928809-1e63-46e2-a37a-322d51cb2db2,
c60298d4-9028-4894-ab7b-cab7e2b4f27e,
52b4a861-c687-478a-9d16-da3058eac10f,
78c90a47-e253-431d-b84c-1dec2b9f6d67,
8aa8d1f1-c1bc-4521-b10c-17d56c04dfa2,
f8dd082e-72ba-4ce8-9366-bd1eb4a1fbf6,
b633d0c8-d749-4e2a-89f2-9f69ff515cb8,
91d457c5-2a37-4c5f-b1af-903a073f259c,
014d2c29-276c-4d8c-9e5a-573b4649646f,
0a7fd71b-8fe3-489d-a617-602ca29ea2f4,
78ae9c1e-b11e-4e9f-9e92-36e52cdcdef0,
bf04f4dd-8f6e-43f5-9412-16f5c9a5511f,
5fed9c49-b0be-447d-a73d-9f3b6d527bd0,
1db80f81-d81d-4446-9028-f6ed9742f61a,
e4757ca6-1dd7-43e1-9f5b-14d6b80ac14d,
45cfadec-0751-4f3c-9415-c1ab0343585f,
8ed6e543-ac30-43c5-91c1-aed89b782b71,
03e60f60-11ba-4042-bed7-e8148f1bf9b7,
1dd83a5f-8804-4a07-a0e0-ef70cf5cda61,
26d1cd86-8995-4297-99f9-e057d5ca7052,
ca28dbbb-3993-452e-b28f-85217a20c790,
05fcaaeb-b94e-4f62-84c9-5db1e21db350,
55826285-608c-4d6e-9d2c-9005bb6f300d,
e67dc57d-1cbc-4515-be20-634b3125245f,
38c844eb-1c50-4b12-9972-d4f82e3bc566,
92aab03a-6127-4294-898c-4d84764cf764,
0b72ebb7-9a0d-4fb2-9283-8a5c31147565,
3f53a9e1-a950-40c6-9687-dd3a34ac5c68,
5f6a388b-eb0b-468e-ad88-b69e55244ebb,
822e3919-aac2-469c-a591-b9a9cc191f9a,
bcf530bb-88f8-4d3f-b241-486055c460a8,
7d9ce9fa-9784-45fe-9bae-92784f41ada7,
8f426e97-dafc-4741-970f-950236aeceed,
db902a8b-c90b-47aa-9660-12f004ff23b8,
65f3b3cc-1a35-4dcc-9f94-81d09d29c951,
d4277cae-657a-44c7-b64e-840df7fa128c,
5e6b714b-a2f1-4798-80e5-70db00f9118c,
6fef26e2-2692-43be-87b9-23413aaabab6,
dca4752e-84b1-4827-a04b-05d474c8abfc,
dbd8bcfa-b205-4c2d-baa9-f4168a74dcbf,
dcfe469e-14fe-445d-a406-8ff33ad89197,
71235de5-1d86-48d1-bd63-13fd7e3c8ffb,
7c5c2f63-6779-43b3-bc86-9a3d5d5d403c,
d39b1caf-7052-4a38-a3a7-6cd7cebb2808,
666ade08-0c88-480e-b89f-3ff4c2705069,
35131cea-9895-48f2-bf81-203b73e00fe8,
eaa78748-5c0e-48d3-bfdc-06c0d0c60da6,
d1f876ae-be39-496d-84cb-d8f8993510d8,
da1b6ea8-2f61-4c7d-9f9f-981c6cea22a1,
45714e3e-0960-46a4-8a35-e483ec8e81cb,
8348e624-805c-4a57-a525-8bd936b1103c,
4656afa0-f502-4a94-8ca9-b060404bacef,
4f257b30-af5a-4b47-8fb9-8661d77243be,
fa1617ea-054c-46c9-a0d5-4ff2576d089a,
ab8ddd4b-4294-4210-9326-74baab1356bf,
10e45af0-6bc6-4885-ae44-037e78f9ba9b,
09452f35-a981-49cd-bcae-6cf1a57ddcfc,
2634fd8e-63f6-48f0-9be3-245a25b6c9e3,
22958e7c-1bfe-415c-b533-26b824933dfb,
803d692e-9885-45af-a2eb-f36f364c4d38,
7072d987-ac33-4441-9fdb-bdb3d2120c39,
44e5eb3e-12fd-4ab1-b7b3-9af81e342bf6,
b2e6f65f-0b62-426e-a441-29721dc446eb,
7c0f170b-3385-475d-9eea-80b46cd53ad5,
a5282efe-e85f-4a99-bb11-82a0c86306f4,
f6819722-eaa6-4921-936f-6d95e38ff5f5,
8f8cb8fb-fff9-46f4-bc27-44c2204b7a36,
7d357d3b-844c-43cb-9a0d-c93130a8a178,
4a2e8fd7-a81f-4d4d-a630-0121db1b764e,
73dbbb09-0d4a-455f-9446-f5773b1c5b8a,
5cfb11db-0dc3-40f1-bad2-d2633718e366,
b018b8ed-e49f-4f00-ab9d-8081c504d6a7,
3bdda285-03dc-4e14-8ffa-abf12b8db20a,
33aa950e-edc6-4863-acdb-2ae61c6b7617,
98b02466-6af3-4c12-89d7-e361fc34d015,
9cab0a63-b899-418f-8e22-9494963389c5,
691349e5-1386-4a11-9363-6942afce3092,
9da96c05-b0e8-48dd-80fe-5dcd40d05020,
021de00c-ca11-4de6-885d-18a828cc915f,
9455a62a-de02-4508-b9c8-223f7cc538f5,
a4dad8fe-98b7-4906-99db-f72ff4e12594,
3ff53848-105b-45d0-a6dd-18df1d1cad7f,
e2885172-39a2-477d-9d11-4d8bd3e2f472,
a2bc96b8-3dc5-4752-a8bf-d36ca7fac324,
2d51de11-9cc3-426b-a593-c6ff69700189,
fec85f60-035a-4f7b-bb84-c164090f42cb,
843213b1-6021-4487-b1fe-663157f69e2c,
eae56c05-63ec-462a-b929-cc8b5cbb47f6,
c7666e4b-58bd-496a-a879-0131888ae8e0,
6b6da5a5-27f5-4a15-b204-776ac529cc70,
66fdc38d-eabc-4fea-84ae-b9cb7a98403b,
9c75fc94-ed8a-4013-ad21-e862da5d49c1,
010d1ffd-aac1-49fd-b4be-20d78f75cdb3,
ad3502ba-735a-4910-aada-07804bb66e2b,
67af2702-f2a1-4cf1-a6d2-329e87a3a94b,
7fa376d8-108e-42f0-a48c-bcd0c7d1115b,
626595ee-3e52-40db-8671-a3810954290c,
fe43f5af-b094-4ab9-a22b-46ef561f479f,
675415b5-0356-4cce-a579-b697ecea083a,
99ac6c35-fbf4-4ab7-b118-677f61e05959,
d6832f8e-c986-4d83-a402-1ac210c855f2,
f06276b5-ed0a-4424-a4ed-3b32f0c47537,
3186277c-d3a3-440f-95b6-42b80f22148f,
dc2968b7-71f2-4ef9-84e6-b3d06a46d070,
b79c46f6-e9c9-4452-b3ce-32ef24d8f6c1,
1a5b3bbd-9fd8-4f4e-ae6d-18e80f808a49,
367d0c64-6931-4252-a07e-68a0bef5ffda,
88826ecc-fff2-4bb0-a6fa-b2097f0296ee,
cadc8ce1-fe7d-4703-9595-48835e08c141,
7735ce73-2e5f-40b7-81a4-9066167f66c4,
e2036b66-b9c3-4942-adb7-126dbb320963,
6457cbf3-7012-473b-934c-a0c180280e2a,
20510c87-2669-4c0f-9126-0e2c0bd1f0f1,
32e55415-590f-4ac8-aad8-3bf32bf7258e,
d03b116d-67a2-4b1e-8c15-faff9cea61ac,
c38156ee-7a43-47c5-9ed3-c6a89adc4796,
405461be-13cd-440f-838d-6dc407254be0,
c8a63c9b-75d2-41a9-9eef-ea3bb72e62ac,
63fec6ef-1d4f-4c14-ab39-23884c1eaad6,
614d54f4-ce58-44f6-a637-71560cd65d9b,
41839579-ec2a-4551-9260-119f3d691da6,
d4de63b0-9b22-4c59-aefa-7dc7ca689b19,
184a1407-9138-4b72-93f4-ed00fdac60c8,
6b6a902f-d3f7-45e6-98d7-6078c86ee14d,
97d0462b-5911-4259-bfdf-93d0785bb667,
8fd7c28a-609e-4797-9979-b7570590dc81,
e6cddc6a-9af5-47dd-823d-4dd0bd5236f8,
ca85b53b-87ab-4829-894c-50cd85058022,
303b9fde-1f35-4356-b24b-a2f3f238108d,
f5ffa734-ce9c-4472-8742-a0d8ec46a425,
8a0dc9d9-9c51-4af6-b50e-77c687997446,
3bb19d69-369b-485b-a6d2-89c6302cc7f8,
84c36e73-c2db-4650-94d8-72209ff1ddda,
6847521f-ae83-4986-931d-3b8f96d6aa95,
3be1ffe1-4a15-4a7d-8d04-3f4020604ae1,
14ef0862-c6dc-436f-90e0-91994d544f75,
24534049-3eed-4d5d-a933-55f7df2bbdbe,
5940ff68-0f4c-4056-ac6f-28de7e8ba933,
f8e1aa89-02d5-491c-9cad-f7196fbc1c2e,
0079abe7-9037-4c20-837c-273f2c6e2f1f,
c11bdde3-1e1f-411b-aa1d-41fef3f6ad57,
8de78d07-19c4-498c-a048-e12440d6ce11,
24378a0e-a644-4084-98d0-f8cb1ed8c1f3,
cafcafd1-40b6-48c5-a9e2-89d530fe1809,
a151af67-faaa-4c57-a7c1-b467b95eeb78,
f115a34e-c342-49f3-8578-ac02ee111dd9,
04f256b4-b2e8-4197-8fc3-811f8471923c,
b232aa4e-1d86-444e-b8ef-8386f9779aae,
2aab12f4-da02-42bb-b373-8ae9c764b62d,
76e1ff2f-f749-4fce-bd6f-2b8affd3db6e,
64750acc-2993-42a0-83ab-3167291d0b5d,
9ef0a477-aeec-4a3b-bc58-1c67c72ce28c,
fe58b5a4-4cc7-42bb-bf55-af9e06b96f7f,
c13f2b27-8e2f-445a-bbb0-3597247ff3c6,
17ff0c19-b671-47fe-bbd7-cc989e51e8e0,
0adaf28b-8cfd-40d7-80dd-147e95a04812,
28b7fa6d-6d9b-4e65-86f0-0fd5f89cdd9b,
33eaa5c3-33ea-4f85-aee4-99ad634bfd0a,
3ec36a15-4738-47e4-923b-917c6ea85688,
0c7cb365-a6e3-440d-8f1a-69d31bda77df,
8bb9259e-277b-4533-95cf-db2ca2ee4a99,
d3264d17-a33a-49c5-8ea0-0ee537b637c6,
0f86b53a-78c1-4115-85e3-230fb1b6f130,
dd486ef1-3dc1-4df2-a52b-ca27565d2e7d,
eb9c07c8-e77f-4692-bbb2-01d9eefa645c,
6b075bf3-9d50-4bac-a038-1ac214c359e4,
e916c84f-dac1-4c9d-aafd-b2622b103bf6,
fb166e8b-a1c0-4e6c-bd07-545a1c23acdb,
29e93408-a172-45e7-86d0-5fe970b11aed,
4b2f57ef-90f6-41ef-8398-d4ecc3d021de,
7efd76e3-04c1-4261-8300-f5aab9ddefc1,
8560e3eb-9967-47eb-ae67-2abab494a231,
2394cf21-1b11-4f77-b463-0919e77ebcf8,
96215680-d71d-4546-a5bd-26ba61e87233,
5d847e67-2c84-4501-9eb3-6b1c587ef8db,
1270ffae-34a1-4cc4-8cef-333233b4f365,
0946566b-d670-4cb3-8bf4-ad0799f1ee00,
075d24c1-bd35-43b9-8fc9-7a682bd89d78,
95cb75e8-4b86-40c8-8bb9-305ca8b0f2eb,
74c54fc3-6ab7-4dd6-be07-6d1f66c523ca,
761083fd-5eca-4741-a6ee-4484bc340435,
5d835f8a-0795-448d-8fd0-07c0cda063e3,
3c934e36-e71a-402d-9591-25c7820c48a2,
5531ea3d-e9e9-4b30-b16d-abfac53ed7a0,
fd5082bf-215a-4582-8629-d70e97e6340c,
d2f2ef79-8d76-4313-9bb7-2cb12993bcc8,
83fe9864-6d3d-4416-b59e-372739dfdee3,
2e20b4cc-361e-457c-8bca-685d0c8e3d39,
c853fda5-97c6-4486-9f02-4a06eab3f8ec,
ab2f7e5a-5f4e-4d62-ba9b-308398e7b799,
6981f5b3-6b38-4e7b-b76c-b01ef7b36553,
72b290ed-99b1-44d5-aec2-8554d998208a,
23002089-ca52-412a-9238-52ffe7cf4623,
ae5d8f83-9856-4386-8359-bb7bdf8ea3c0,
48cbcab3-df3d-4128-9ad1-231eac9aade5,
4b958cb0-dc17-403b-88ee-028896302a0b,
46a7bcac-231c-4dc3-93f4-11696ee73dd6,
2db7eb91-928d-40d5-a7dc-023803b4b4f5,
901eaa57-4186-41ba-8d4a-f34335b9190f,
3242ee17-db7b-4a71-815d-85cfdb72b8d2,
73e6d67e-f2fa-429b-a73d-16af539bd7bf,
f059f14c-ae7e-491a-bffb-98f9ef8b2dd0,
49884c70-40d9-44a3-8169-caef6a1756fb,
49a0202a-eb23-4e63-b25e-cf6cea896fa0,
d2734a90-a5c3-45f7-bd2a-2c65b84caf38,
df9fbaf1-be66-4283-bbb5-36b8999e7ee9,
a0de0c10-b3f5-464e-a00d-22b9d3fd4f4f,
1e90cba4-375b-4447-be2a-697cc3b9ab55,
99f897bb-c0dc-4c0f-a2d6-d0c36f2b7f6e,
8ec674c3-61f3-440b-8d9e-331065581888,
ff7db9ea-9ef8-4daa-a5d8-c229ac54b19b,
cb24df92-971c-4344-b735-0bc70992c6a6,
ff86dae1-a2c8-4843-8157-096867579624,
f4b81cab-46d7-41b2-b5e4-4ec26ec8aad5,
c1aba31a-a6fd-4f38-997e-0f523322ac29,
4ea453ef-952d-49e7-9030-157055da8b38,
095c955c-0e13-4df8-aa4c-47e51397720d,
00fd9fe2-9a1e-4275-b645-af121b8e7292,
bff8c629-02c3-406b-83a6-39054de9b6a7,
ebbcfd73-6528-4389-990f-864cf5871851,
9df73a79-ca99-44a5-9859-b67fd0f299d3,
19094a06-d4bc-4a00-86f2-84cebac31361,
239f0fb2-b26b-4253-9f86-96e9d6e1e04d,
e64f8282-6aa4-482d-85a5-46ee021fbafd,
5b9d2259-0c15-4931-a4f6-285db5dc5d4d,
6a32d690-9c41-46f6-9005-b6bf176efe3f,
0e153e5a-08c5-44b5-bac6-6cc574d85d11,
5a1746fe-8416-405d-ac5c-82ec61e1f548,
f30c2fb4-a93b-49b3-a418-b09f92e73967,
997b5a99-a6e5-484c-b8a3-01c981f7982b,
89e5e3cf-d4d3-470f-976f-211d177b7d12,
a1a40c1e-760c-4ede-a94d-1a98c7c36737,
5af55dca-e580-4481-b83a-6ce3fe074b51,
6a84535c-5948-4e40-accd-00c208c4457b,
5191e333-c10e-48a1-9fd4-0454af51fb4d,
e9e27708-40fe-40c2-91a6-a4950676dad2,
d8ff5eaa-bdc2-47f2-89c0-9fb3fa9d6593,
b13afddc-b459-4f65-bf4d-dbcdd8133d76,
9411d7de-2429-4734-8045-cc72ed9f0d72,
fa336b6e-441b-4e32-827d-e0c85f71d831,
049105ca-ef12-4fc2-a71e-429da6ab608d,
7bcb95a7-8f76-4e61-9079-c9222d22bf7a,
fd3d5210-87fc-4231-abe5-7cf56730b43c,
63b747f1-d920-47f3-bfab-5ac72e2ae681,
46a9d97b-1da4-402a-8231-bd6ab0d7ec4c,
5a4a6d52-3275-4002-b839-8dc8d8f05044,
aa3d972d-7bb6-4ab8-9f16-7cd15623a026,
6aa57dc9-64be-4ad7-8988-27534556b932,
b9812d61-85ec-4c89-ad33-4ae64eeb7ee9,
9f75f77e-9c34-421b-a6a5-00fdbd732dae,
779eaf24-059b-4c7d-9773-6794eb542bd1,
12c96d26-25b4-4e6e-8ae7-1a3049d6eab7,
bc10a32d-c5d8-47f3-99fa-1641b7ab5fb9,
6bb07c95-181f-4d29-8168-8b252addfa17,
89336976-1760-48ae-b2ad-c7879ad18510,
71b1c959-702e-4a61-b03a-9605ae286ffa,
879b0b49-3b90-4a96-90fa-bd0efa0d2ac6,
11bab9df-9061-4bf8-aea3-93d7414a9049,
d83fdc2c-ab37-4870-9071-edfcb1b36041,
f2bb4364-4a49-4b4c-ac35-7ad1aeb34dee,
95a00d50-404e-4615-a9de-5214f31fe276,
3fd01027-f46e-488b-ac2a-5ff30d0c60da,
3d3282f3-7abb-4a10-ab21-9595dffb8e02,
b0fc9c8e-a899-4cd5-b260-b5a1fea40d7c,
86eb2f8a-947b-4569-97bd-ac2acf381a72,
ca8bc43c-2a6b-4afb-a799-55c42b0ae656,
9351eb43-1d8c-4390-9e4d-1adb0ea66332,
68b24e27-ab9c-4bb5-bb01-c7d2b0ff3970,
a4cfe9e7-2368-4397-afdf-e355997b3ede,
d372a042-a148-4cc1-8731-39660de4cb88,
7cf7f33a-ccc8-4987-b207-9038fdc379bd,
9d6a48e2-04e4-4089-9a37-c4390450eefe,
9bd55057-f77e-494d-a103-a066852e3ea1,
738609a5-926c-49e4-b4c3-12f1d449adef,
668b9c82-1dcd-40fa-82cc-9ce4d53707b2,
cad97b60-06fe-4c30-9244-2aa1bfacdd7c,
b29b4853-246b-45a7-90b3-1c75197eb074,
b2d722eb-f142-41f6-8049-15d2d9f7256d,
19a0be2b-d92e-4223-9dbd-725a46bf7bee,
84c328ae-15fd-4aba-8d03-9c9774fd1a09,
b9e9e555-09d4-40a9-bbfe-6c197881af0f,
c9022597-794a-469e-85ed-90664ab2058e,
10d3f2a8-4ffc-482c-a805-e614189dbd0e,
096906f7-996b-4402-b7ae-2e9d738e478d,
5ba68e03-c1cf-4c6b-9eca-ce2a1d845f49,
ea11da67-917c-476b-bfcf-0e791f7a4c51,
9f68c128-0bf2-4484-88dd-750e6b7011c7,
19a44e5f-69fa-4a69-840a-22c4f318b623,
0d7cbdbc-9813-4c02-b196-e3c1bfc57021,
8b57bff7-64da-478b-80a4-0b613ad64fca,
52ae08d9-f6fd-485d-9090-007e480545af,
f5e0e2a0-33ce-4097-9699-6b91a55b8bde,
ece2f14e-e7bd-4c3c-afef-d37773f584cf,
6c593010-0297-4cf6-b61a-c4a5343ff166,
cb126693-4751-4961-a53e-2ac2c154b296,
818fd54f-5ba8-47b7-be5c-c31acdc09f4a,
2c6919e0-7087-4b9a-9c60-44645570233e,
6c18acdb-6175-48af-a853-ed010b1475c4,
1333b33c-8692-4a41-beec-1e5f2ac5ac37,
fdf8031a-bf9e-4ce5-9eb7-71b194c4b4fe,
17c5498e-8346-4e18-8bd5-3d37a40e773d,
6c6066cb-bbd6-48e8-a634-679fd7fd8961,
659558a2-1bb7-494e-ae27-d937d2095a69,
57ab8da3-bee3-42c0-ae09-99e3a723a116,
816c3ec4-a877-4702-bcd9-ee51d3c8c555,
45429f79-daa5-4adc-bcd4-840b3d4d7b13,
cc6afe78-13a2-43cb-9c7a-a229092a10b4,
66c21716-89f3-4b19-9543-5d8a6a3e7f31,
c1b10d14-4c14-4746-b7e7-74a67843c669,
dd7fe968-aeca-43ae-85dc-ce3d9a04c69b,
176eb033-03d8-416d-9b41-57db6c1d284e,
7521e30c-90b8-4bf2-a6af-f5f765176d57,
6e618407-f70e-40a1-8147-f02c502cc245,
84b81be9-3049-4de9-adc1-686cab66303d,
40f4ca7e-327a-442e-9e73-3bc4bc4bf0b5,
ae2a4332-80a4-47f0-9817-b53cd251fac3,
81fa0fd5-4ca6-45e4-889f-7c21c42ea786,
4cf99f77-64e2-441d-823f-ab0483a26ea2,
ea30813e-4aa7-42d4-87dc-9b4439d38e34,
1ef8fc92-2cc7-4bc1-9067-8e66188cf283,
ee7036ba-36b1-4165-b6d2-442c11672e41,
19070f77-ec6a-4c6c-ba1d-31d054ffb5b3,
0e57d7fc-1e8a-44fb-b901-d26a6bdcfd6c,
a7c50a86-0171-4096-be5f-86a3b0345fbf,
ef80d5eb-b32e-4f44-b20d-82fec3cbccdd,
c49d28bc-1464-4ff9-92ee-49c679169232,
bf350f69-5e49-472b-a70f-a899ebd8db92,
c5d5b921-634b-4354-99e3-51a6616dbf62,
d1ccfbd3-3bbf-4d12-b7ab-887c3c0175a0,
cfe2ce8f-7fc0-433b-9fdc-52e74963e2d5,
f54fbb91-a9de-4226-9956-619c6c2e0a23,
8ba68ee6-9e7b-44da-8b86-7f0963403ed9,
a98d953e-e31c-4aad-8a9e-4bad437008b2,
535037e9-d21d-4a28-bad8-7ef7933772a2,
6eeacaff-eda6-48e1-b0f1-379ca5ab4181,
27064572-5be3-4661-907a-c479ac6b4149,
6eb28ecd-194b-4b2d-9e09-bed13e723b94,
ea3b0857-7a30-49b9-812d-aa5a538a83fc,
0a46016e-9ee9-42e4-ac82-4b8f5e30ca11,
44426763-3b3c-4717-843f-1b195534b1a2,
b3145a2f-ff7e-408d-b797-e2f08d880843,
aa0b4001-7d06-4119-9c47-e9f5e6401e54,
8dbb19ef-5a00-4f02-950c-23ec0442643c,
1d0db1fd-8a38-4dcd-bcb0-b49e213fee9e,
7adc918f-7a1a-4c80-8572-bcd5c0be5e21,
70a138c2-15d8-4bee-9735-e8428019c60a,
844a0d06-42e0-415b-96f5-0b992e28b48c,
c54e1a5e-045a-4411-a2ae-4c4ffaed3bd1,
dd52cd55-32eb-40e6-ad26-828dcc034686,
58499387-088c-47e0-9caf-4dc964b0a73e,
9991ec40-524d-4066-b14d-f4416c58363e,
1f8f6b61-3a89-47c7-846a-c50538f42873,
74795e61-eeea-4182-b813-1c8fa746f38c,
08e3e938-6bde-468e-aebf-f344d6e448a2,
8c14d3c5-a2d0-479a-9314-978ee3a28be5,
ec7fbd4d-b7bd-4d97-9bf2-4704e44dde98,
a73b2cea-96ed-4215-abab-02c3d7690f87,
f07492cc-804b-4312-b25a-c9af18774fa9,
72648a35-6e7e-4feb-9079-23a91bced055,
fa09d004-6c44-41a0-b218-50aec06c8772,
9c21b244-8921-42b6-b5e3-7ebe955a5ad5,
6c53474a-7fe8-4782-8b98-08838020d72c,
b23cf323-e38c-49eb-835c-8f9a6d7ebe40,
d205837c-34fe-43bc-b859-7210dc448fc9,
5fd00bc7-ecad-4ec9-8d95-ceba8cdd6f93,
353d62aa-54f5-461c-b422-d93b86c5b12c,
f6cf675b-5f48-4c9d-aa39-1745c00577bd,
cac6bd57-7aad-45ad-9662-91eec698c8cb,
80f5ad8e-7c67-4637-ac85-d935eb7b6fa0,
cccf894a-ebf3-4ca9-94e1-2de08c3ced0f,
c15389d2-7a0f-40d7-975b-bd1e1683e9cc,
02e5fe15-1ddc-47fe-9d97-88787df3414f,
c1f3b638-81ef-4822-882f-18c1a93404e7,
44bcf068-92fd-46a5-ad7e-a4b6a92e4320,
9e474c49-66e6-4683-857c-801625bec7b1,
1250bf1c-473f-4dc7-90f3-fe57c2f2de76,
a11a2fd6-0541-421d-9778-1a713a4c9fb6,
a99d4651-2a62-4a4b-a2b4-51be6bbdc634,
85672f45-46ae-4553-9981-b3bf217e1b39,
a2492891-514c-4ae6-8baf-e609733bec31,
5320282d-c99d-402a-810d-9c5a0e206bdb,
afd1de97-0c19-4086-af87-30392526a115,
e0788b78-1582-460a-97be-16192e499931,
a030cc52-d70c-457e-873b-f18f15211a68,
672fdb69-3ebf-442f-b67e-19eabc308d13,
1f148822-5ba4-4c04-9255-20a819bead30,
b5159449-8683-47cd-96ed-c2e2c2fd754b,
99a5ac14-aeba-4002-aefd-f981fe40655b,
fcdcf581-70be-4db8-bcef-fd6fe26d1122,
30ff1389-a2db-4a5b-abf2-a0e64e0c669b,
51fce2fd-520e-418e-b737-cfef25628a26,
7636f7f0-ccd0-45b2-b644-1a05f60f4a14,
c021b31f-926a-474c-8946-00ed392a6266,
ac590d40-fb75-4b02-b641-8e93e5b1e300,
fd036cb4-31ae-4ee3-a6e1-54d0ac22050f,
3b42e979-56de-4e0f-b33f-4daf90031c6d,
633fa825-45c6-4feb-ad63-3ea55d7f61b7,
d8c18951-114c-4167-bf2b-225252ce3832,
5c9dcd9d-9027-4976-8d90-c86ec4e60c96,
7cc47538-6093-4e7c-a7a5-c7a417f0dd1d,
8479d554-1e45-44ac-bddb-ae9ba4f27eff,
dca7c0b1-8498-484c-973d-94db66d4a857,
5778495b-ebbc-42d5-957e-a3f3c56cf535,
5c55fde9-c988-4120-ab6f-806e8fa26193,
0a27ee10-c177-4235-8d28-d015e89812af,
bef76f32-f63c-42ed-b471-5a66958cd5f6,
19b40d7c-2801-42cd-a151-9deadcc773f2,
929d65e3-9b3b-49d3-9355-44ec8ffa2333,
2a08a5a8-75db-4db2-8843-24d607b2cd47,
76a3e44f-3555-45df-8434-e6b92e90fd22,
fe1ca1f7-0f51-41b2-9bcc-5446554bc00e,
2033b894-9e53-4560-888a-fdd5ad1a6551,
240461af-52be-49ec-bfaf-72709cbf65bc,
8a84673b-4bae-4e5c-873d-88e0b916a742,
2eb58906-879d-4a6e-87d5-e564aba9421e,
17559d86-f446-4aa3-9e4b-40a35d161c4f,
1ad0a8c2-6aa3-4496-a414-cead101583de,
1730ff76-b0f0-4abf-a17e-cff17c6fd409,
9a079269-4847-4f26-b5d3-32efb56774a8,
39171344-7ce8-4114-b883-0ef8d184b557,
9316dc8e-eb01-4ccf-a132-8a13e6ec662e,
490ac0d3-3f4f-4801-837a-5dd49accf450,
ce1b76fd-b5b2-4870-8752-6e7432617e93,
db165e7d-c68b-4910-86c6-dd421ba741fa,
12be2fd0-5d9c-408d-92d5-ff0cd22309f9,
99328307-7b6b-4fdd-8e94-e846c636eb7a,
2a529538-935d-4620-ac92-48d4b5a0a4d5,
a84a09c8-8151-4012-973e-965a8b47808d,
a82e0800-4806-48a4-ae35-6a122db2f153,
7e37c20c-26fe-4201-a5d0-93bf16f8629a,
552ecfa6-eade-47fd-a3af-a1ff0da750cc,
453290e5-aa4c-4550-92a4-743e06659386,
4ec82d08-04bc-48ca-9dc5-20878e7e295e,
c393652b-eb33-43b9-94b4-7cbde92e588f,
eac9e92b-5bab-4959-881a-21603cf8eed2,
6eb18ccf-16d1-4966-a7ef-88498d6e3e08,
53b720bf-7314-41e1-a500-a9bc29eac07c,
6446449e-a1db-4d02-9a6b-979b04643b66,
eb695e09-ced9-4ecb-825d-595bfa9872f6,
4420ccae-b59e-43ad-ae13-bbbd067c1567,
7408c002-b977-4583-9d0b-b12681dab830,
b3a083bc-72f9-42c4-9e20-8cf344691a02,
d9c60eb9-b300-4b72-ab15-6613b1e82e87,
44eb497d-738d-4976-bb3c-306d213b67e5,
4f0c2e7b-281e-462f-b32a-9f7bf380c9b7,
2f694e0b-edb7-4bce-8db3-cefb7ccbc3f0,
2f25b50d-a269-4a30-8c4e-b52265b22c1f,
73064de8-eb06-4bbc-a1f7-a107679de705,
849786a5-145d-4aa5-b04f-454c2b67671a,
87e13dd5-b5b5-47f9-a799-76f2dd65f542,
05369c4c-6ecd-4d49-87eb-518390fd5fa1,
894ce9ca-da49-48ac-bd71-e39230b2cdd3,
80b7e5ba-1d87-47f4-aa4d-d42c31bc5d7c,
2bbf1e81-fc16-4dc1-89b5-8615775089ce,
2b051736-79d7-48ff-97fe-5f61c0964e61,
63fae0af-cb53-4e4f-bdde-e876d2c90a46,
4635ee8c-0033-493e-ab4d-b7a22c219686,
9def5a0d-5081-4365-9634-099054c2cdb2,
4130bfab-22e8-4d1e-a874-573b17b5045e,
84cc71ee-350e-41e3-901e-03471504c8e7,
65021333-7890-4375-993b-156c56a28773,
3c3581ef-44c7-4b23-9de4-6774e2ea303d,
b554a1a2-cc1f-4c0d-9063-243e00984064,
e917928a-a894-46e8-aefa-bf22b9cf4037,
562a39da-d3ed-4c6f-8203-718ddbfce698,
70dce830-98b0-4aac-8b13-8fcc9130751f,
daf73d81-6c8c-4221-9330-00e7e6e75ecc,
fbeaf2a7-b009-4dc6-a5d8-df5e0b41ac8f,
2e3b68ee-901e-4d20-9d0e-8c9d4ea56302,
df49b9ef-2868-4f3a-8d6f-46aa3a378009,
f580f747-525d-46c2-b205-070148381eac,
d3215707-2a6e-48bd-b267-ee182496c243,
e8ffdd7b-37f7-4634-bc6c-5befd26689fe,
86712dea-35e2-4187-8592-405943245e29,
ce3ecb0c-cfbf-4b75-b768-b4aee74043fc,
56bc08e8-f060-4902-9286-4e2db757e3f2,
0ab6f4bd-e50c-4879-b512-5728fea39337,
93e6dbd8-261d-4fa1-a797-307c5b8a1ba5,
cdd17873-c14d-4ab8-a893-86bd35f30028,
446465a3-a2ba-47ba-bc33-07a31367c03b,
d6e53d87-dfb0-4a63-ba8f-39c2db641ca3,
744ae4a2-c964-4389-a3f9-728c3cbdee8e,
0d35070e-b0d7-4087-a786-af0735bb1cc4,
5e13c937-7c41-41aa-9a28-b290058e2913,
9af1d3cb-7e62-45d8-852e-25fa2190780c,
488576b6-d9ad-479a-ae97-b8672bb22976,
471126b5-3c3b-49c5-bb79-58bb1efe5b19,
0debdc91-29fa-4aa5-9f54-3b5a6656f276,
8ba2167c-5d82-427c-8f8b-e5aa549b7d57,
579fbce4-ebf8-46f8-a899-84c224f7819e,
4f157683-2269-4d1c-a83b-df768637c121,
3dacd3f1-1687-40ff-a11d-d246fe53b67c,
e89b4646-2cd4-4ff1-b7d5-cb2dd7300f8a,
2442e197-5119-4a02-af61-64127208d83d,
cfc5b67e-b7df-4c1e-8336-2b82ae3eeb68,
ddbed2e5-c8d6-452d-be98-dfc89f9bb5d2,
c6db7dfa-61f7-4a43-9d6a-ef2fb06f1e20,
b215e263-aad1-4e77-8c2d-a50f5197cab4,
26954e92-eee7-49b6-b735-a60ac3353c55,
51473696-ed3f-4885-b9da-3490b5c3f843,
2026688a-6f60-4ac9-a064-ea340ae3e6b9,
61563959-70bb-40dc-bddc-5764740732f8,
ee9ed1c0-9e5f-4d1c-a760-29775ae239ff,
e65a5f49-ffa2-43d6-8ec3-45fab7745f32,
6cc4d9e2-1ebb-4108-b60b-a296dde6a5a3,
c6989399-8b67-4427-bbf2-5019b5ef98ea,
453ce2b5-c84d-4042-bb39-668209f9d816,
946399f9-d0ac-4dd6-9034-b9c28909fdff,
9c1009f5-b0e2-4e13-b806-a4c93e3fb627,
3819f148-98b7-4813-b23d-2db58c29055f,
0abe6747-9950-4091-8a45-2080e21c2ab1,
507be01c-5f22-48dd-9a4c-c77e9c82cc31,
4ed91f77-4fa7-4313-9dd9-78727b3426ee,
d16e0e9b-5c9a-4395-a6c3-c942c81392ef,
f8b79b28-c6f8-4a59-84b3-3561b893298b,
1e09c6a9-5925-45ea-9099-7d94e90393e2,
09ecd027-4c98-4313-9eb8-21321d2ef804,
1225de45-ed13-47f9-9f81-495dd580be1b,
88435147-2ce2-4bf7-99a6-da7c6ad3cf72,
24b947e8-d39a-4df9-9ee6-141bfc3439b4,
41aebc1a-665f-4ebb-aa4f-589d58677573,
54aa74f8-14ec-4664-b1e8-03788bfbf81a,
eabcffbf-cae7-4de6-b0b1-3b2bd845969e,
3a4f86df-9b23-4fff-9cd4-bd6dea1e410b,
cc1d325a-7b8a-43f8-9237-3b0c8a2d8220,
689fe323-4b9c-4f5b-81ab-e50e335d3525,
6765f20a-820e-4e66-8caf-92c2f7bba834,
235b949e-e238-4bbc-bc76-c82f848f957b,
6740c324-4f51-4b89-a256-0aff4bef0965,
8abdf9d1-2499-4604-b74e-c39d969208af,
6d824e4f-e7bb-457c-adba-2d1d93979167,
ea363221-8279-4e35-ba52-73a9fcf1cc5b,
cda907c4-1a07-4cb5-bd65-c841397ec225,
d184041d-a912-4ac2-aa31-045b1f56f5b5,
add54aa7-8c1a-4a05-a0e2-06d0da16bcc3,
a123f05a-77a4-4013-bfd9-64b5baa99388,
f1ae2c1b-5f16-4b3d-934e-b43635df079f,
6c7b83c3-cd00-4c9a-869e-64889b51990a,
aa2331fe-b194-4759-9081-5092e88935e4,
7c0bc4d1-74ea-4f35-b72c-2ad6b47ea445,
d54df5ba-627d-4110-be1b-8e1e56fb8b09,
ffe8e567-55dd-4db9-ad04-c136e804b346,
3190987a-01ad-444b-9cec-ab29972f2199,
d9d1ea25-1330-4266-92b7-82e8c10df411,
d1ffeac9-1760-4f74-bab8-7461d3925a88,
ff86d4d9-16ba-4f21-9c92-53dfa52ee67a,
279b7637-ed93-41c5-a00a-5c1200058d2c,
04985c57-326d-46ff-a930-74f4de7808d7,
180235f8-2959-433b-841a-772fc32ea85b,
18907680-d257-49a4-8f01-2159977b54ab,
21d70209-5a13-4171-b953-9aae4dfdc96c,
bb92ab56-705f-42c8-aeba-bf7ee0c9ae7e,
a1517d3c-bcc7-4a33-a6b9-f172a71536c8,
9d1d916f-c07e-4fa9-88d1-3d80f4da2825,
00643892-a5f5-46a2-9bd4-287779256d10,
ba438bc5-79b2-4b61-810a-22d8162d532b,
475c2fe4-5dcc-429b-9eb8-807f6bfd4ab5,
72aa8d8f-376b-4ce4-89d7-ef81a387d451,
6a5d7f8b-31ad-4321-8012-5a52d46ab9d4,
19e3f8f2-7921-4bfe-a27d-3b20f0375274,
3eed4f71-d0f4-4aaf-b2bc-f8eb37fefb5b,
5db6c280-cdb2-4bcc-a539-003574a70ff2,
71824160-78ab-4a55-80ba-5747d6e0473a,
fd1d15f6-6637-43a4-86fd-8a15183e89ee,
72c41f28-3908-46c0-94c4-6d79fd515a7e,
22a52ba8-5c85-4702-aeb2-a9b4460ed977,
640d0123-a8e0-4eef-b65b-269e89b0ec48,
ca08d5f5-b29c-4b49-9794-2281bf7f1c14,
80b24ea4-c1ed-4344-b138-4be8f3875932,
1bee52f2-4818-4930-a8ff-64be22257e36,
ad24a36e-f21e-4edf-9902-cfc46468706e,
da81fd25-c461-4e35-ac0a-49fbef8cbbe4,
3e4cd30b-7acd-4490-bc32-117be34a7587,
783d5040-373d-4d12-80a7-f999e9f4b3ef,
8e1da322-d9c6-4e1f-9777-cb6c58fa0cdf,
8616febd-3344-4c64-906f-af7329fc06bf,
5266ffbc-c1e2-4a0e-81fd-d477c737876e,
4288e417-507d-4a9d-a811-8082f4414aa0,
3edc9022-d9c3-472a-9194-7e6930612224,
f2163d78-62be-4f86-8285-cc411d02fa1b,
8fc59fcd-10fb-4043-934f-2bc403971ff5,
da03bb35-54ce-49b3-b752-966db148a3c8,
63bfb773-883d-4d1e-af79-c5007c38c868,
31a67b69-55dc-4ce2-bff5-bbf5b489d54d,
359a78d2-c854-474c-ac13-fda395481a77,
520b271a-8b84-4aaf-9895-a1ae653cd678,
8ef3de6a-642c-4cfd-a98b-d2d164fd048d,
09f218c3-7e78-4bcd-9113-556854c0e8b2,
f5824d15-5895-4c5f-a89b-732d6762edf4,
d1bc6cbc-4614-477b-9572-47c670b713fb,
6442fb13-5915-4971-b657-4a925d5f4e5f,
b387ed42-de8b-40b1-af39-e24175ffcfc0,
cf30f2b4-4363-405f-b9de-a9813dc12bbe,
198d6d4f-597c-4684-9e9c-38a9666ec5df,
ab00f72b-5eeb-41c9-916d-7250d3f22461,
980e8a0e-a458-403e-9928-4c15e2f0deab,
fe04c6fe-8eeb-4a2c-8cc3-2f40bf47ba4d,
bb624520-eba1-46f8-a4a2-b808c861184e,
e76032a9-a9ae-47e9-a1d7-3a5d40c2b646,
a73afe92-73b2-4c2a-9c5b-e700df7fb6e9,
f9366fcd-034f-41c8-9ccb-29cc32311e19,
77dd33f4-311f-4fdd-b476-56986d6395f2,
ba722f4e-ec27-4f76-88a8-516a79fde18a,
b1f85ae6-be6d-4d9c-a767-fada4479ce52,
3fcc9fa8-4722-4cd3-8efd-73e07d50815d,
4ea7f374-a8c3-4dbe-935a-97ba05449cb3,
f561e6f7-5678-48c3-9758-94e6e8bb8a62,
2eb63fb1-ba37-4392-a18e-48a06e02d654,
e5e35d20-5349-47e0-be8e-a3aa1990ff02,
5e62424c-b8c4-4f00-ad4d-46a12add6080,
dd1e434e-5229-439a-ae72-b0439fe795e6,
eb69bc09-52f2-4be6-ace9-e456b5f9df17,
16aa8b22-a562-4730-9d8d-6bc0d19eb77d,
55aff897-4c26-4934-8bfb-7e7e6f19bc7e,
0a432554-3957-4149-bbbe-12b57bb2ab83,
a092019d-458c-4f65-8da4-154df25209e4,
6dc3a5c4-e133-4c7b-a6d6-f7d1adfbca93,
020797f6-1c4a-4f50-8e35-096fcab023bc,
e02b17fa-3480-4eeb-a580-c12ff2837757,
8d4fb1dc-9a65-4778-aeb2-5978572664ed,
d6300ecd-9a69-447c-9325-df42cabc5397,
6d6eb54d-7731-453a-9c93-ce724f26cab4,
aa852888-bf5c-4893-9c5f-2e777386792b,
e15a9c4e-750a-40c2-8587-961f2f2528d2,
272cc827-8861-43de-be5a-ded7db46020e,
5d0753e0-c926-4d00-a84c-dbd596c195f9,
ccdc4952-a666-45a3-8e27-ef19f4c86f98,
fbe8fbea-b25d-433d-bb75-d238ce13233d,
194dc2c9-bcbb-4ac8-a5fa-ae7c1e1de4dd,
fecbc97a-0df1-45e3-a624-7eec5738e8e5,
348950ee-44c3-4f57-82d5-da314498be98,
42050b12-7dfa-4362-b3b5-6fe373e49211,
69b1932e-4d17-4e1c-88bf-d8337c58a93b,
14b5c0be-0d87-45b4-8c13-e622d84839b6,
424fee90-c267-4371-ad87-c3058c33f896,
a9442230-2f7e-4863-814e-24b0217651e2,
0158ee5f-9bf2-4738-9d8c-3de00bcfe4ba,
856b5c23-f952-423b-9bbc-e780e9af932e,
ef3a4e27-815c-4052-8145-ab5b6f4486dd,
1cd9e454-cc43-4ea4-a75e-19163edace0b,
1070016f-05a2-4b0c-912e-28178d2dff53,
3416cca1-cada-4e5d-95a7-8fccacd3ec94,
98af36a8-ec2b-4a49-ae9c-c444876b7cbe,
5ee2a0b7-31d2-423a-b3d5-3a023dab61ca,
6872dc91-d684-4d24-bcd7-407425a19af3,
5f75c07b-7655-4cbc-8560-1017d51e036e,
11d6ac1c-620a-44f0-8c5a-60a40eebfc6b,
c8da500c-4ccc-4426-9adb-0f9427143312,
f22f3019-dffb-45ed-b0ec-4bf69512d6d4,
4f584a44-745d-4c66-80f0-774ecd157c97,
4bb5fffc-4d6b-4736-b4be-3dc7b50bb8e0,
15071296-f56e-4343-be41-ab654afead12,
c70e5a06-3697-40f4-aaf4-531ce7ff2e51,
6ea3d0a3-4255-41a6-bb49-cc43c0793d1a,
9f368811-374c-4257-90e8-ea550a71e729,
d2b22842-fffd-4b47-bb03-c0a9c35e279b,
14598984-6386-49a7-ba7a-b4727b7a27fb,
aa89009e-8439-412c-9903-be801854eecc,
a52283ce-4521-4a80-8232-caf0c9f0938a,
37ef21f3-36e9-490d-81b5-4a4a768c38ae,
06845b5b-4af4-4cba-bd48-c51efcbf99e8,
51651472-c23d-44be-8db2-672db4cc646b,
57fa3622-9b83-405b-8387-d675a44335cf,
1de085ba-3b2c-437b-97da-119b7a470a4a,
1035c015-85bd-4d9c-8e39-8aeb8d9aba2d,
f075652c-1f9a-4318-97b2-53433dbe8db8,
7a6a2de5-db94-42a8-9b47-347493134b40,
6d06b500-7f8d-459d-94fe-db8bd1836794,
526d69ac-b587-4962-b06d-c79efabfe089,
5803645d-b755-4c91-8524-17c2481749f5,
1588d858-b3fe-4a3b-a8a7-1cf2a67cad3d,
0e58f608-8f09-4556-895d-376b3fb625c0,
933f0cf2-8d33-401d-a454-5a085949be20,
71c35dc6-12d6-4e5b-a81d-d08980f80102,
2d3c0cea-4d9f-4c01-9753-913ab11ac012,
65b1428b-c67b-4d61-a6e2-3adfd829fb0e,
d1e5adaf-d244-419c-87df-1dcef24e3298,
9ff730bc-4610-4a52-b931-5f26f67af0b4,
0231c1db-4706-4ea0-85a9-af5c0426af21,
6edec529-32f0-4189-a0c6-5b60dfd1cd9d,
2e0cbe7a-0f53-4e47-a366-919e16451798,
11baa38a-686c-4fe8-afcf-01781d111d2e,
6ff49c10-f963-492e-aa03-822ee6ec076a,
29033170-4ae8-4a6f-bc1f-f84c12689b65,
6815bf48-7721-4dbd-8c4a-213fde6f7349,
7241e0ce-3115-4496-8334-0b7146181bbd,
c5915e76-ecd0-46d6-a946-2ba75743a37c,
d9aaa6f4-81bb-4011-911d-8c7f1cf76102,
e2c2cab2-182b-4c5e-852d-23e50a135a25,
8bf4e403-3775-49f9-85b6-81dbb186363d,
01d68850-dfa6-4f84-b898-7f5a3c8108a7,
8a90107a-b66f-4e1a-9000-c4f2f45095f5,
bd46e979-1f29-4e4d-8d7f-5560fc5b5cb2,
58c58fd9-30ea-4e7d-84a5-fee0a19f5d18,
23221d4a-4f7b-4ddc-8eea-87537ec39c3b,
7a523762-a3b2-44fb-8a72-0cfaa719111f,
b6775d13-ee20-4dcf-a7d1-5acdb44155dc,
53891e58-3b75-4a5c-87eb-d714fc840bf5,
c9d55ba2-0c19-4b20-bbd3-fdf848942e59,
27f48b92-1485-427d-8613-fe00091488ef,
f764985b-608c-4524-a484-2ab177f41081,
69b2c972-0842-4404-8717-5bcb97a7f045,
2e0d6640-d8dd-43e4-8c3c-063c4986db94,
a3f97587-5b1a-4112-82f4-2e49e658e041,
68e7e1d3-b58e-4951-8d00-4d34dbb3df50,
de85fd03-2eb6-40c9-bdeb-1c6e9c1adfd8,
20f89453-f22c-4b4b-b51e-906178fe3973,
63b420e5-1922-43f6-b0a4-12538f22e7b2,
5488bd75-43f6-4f08-8f43-cdac4dfe28d6,
4c347970-b028-4dc3-ac44-0f7de5776ddb,
e3b1b684-a097-4da3-bd36-629979ea207f,
f8168dbd-90c9-4ed5-bf16-51e30763c9a8,
2f9de58a-0dc4-4559-baa7-13156cdf4cbb,
540fb55b-e5e5-4d41-8d70-d4015c90827f,
33a99f5a-010f-4611-8e11-bb74956be98f,
c5dc7ee1-2f4e-4a2e-87f9-b414cd5dbd56,
2ad9be5f-6a95-478e-bd29-85ac2c57669d,
a28ca051-3258-4df7-a0d3-e9b583f7d424,
8c0d6034-81ec-4567-a1b6-6655a3f7fd68,
61953eba-97ac-4278-9711-2b88abd540d2,
1a9e20bc-2233-4043-b290-676ce2bab67f,
862a52ff-4e48-4d52-93e3-bde095938de1,
597548db-47ec-40ab-8501-b525bb3ce820,
284dba05-f547-44ec-bbfe-0db20caaa6c4,
eaf12bcd-568c-4dae-917a-470962e32bfa,
081f124d-cdd8-4787-9d41-84c57459af0f,
77215c88-bfd5-4af5-ad3a-adf48dfadf44,
08f0fe26-c6dc-46cd-94b0-7b0bcdbf1ff4,
f8e9c952-29f5-4ff2-be0a-29dbdaf10379,
d2691ef6-17bc-457b-9175-d02739d24be4,
1e85a56e-3873-44b9-bb1a-d64b96cc61e0,
fad8c211-91a1-4f08-92ca-a5bc2379931d,
4387a12a-f8a4-45dd-a29b-64f289ed7bb0,
9d43af39-3452-42b2-b27b-27bcc1c246fb,
32fa3139-7c6e-4e3e-a7f8-ddbf55992887,
c3764070-1f0d-4e65-a39c-d46be1103769,
d0e5aca9-9e64-49e3-89a1-dde6750656b3,
6555780f-b00a-4aa0-822e-0519191cc4a6,
4fb48133-765f-4c8b-98d9-c9e028a4ff47,
cbc02d3b-ec79-4da1-9e33-09b6b5147862,
f8615dcc-5fbc-434b-a249-69201a9dde30,
205a216a-1762-40d5-a489-0c69146b3bb9,
83361ae4-4a0b-4fa5-8326-ccd541b4a332,
cdbfc93a-2a35-4538-8cd3-77771772c13b,
5a09ae1a-d38f-4659-9e8b-91f52e45ee73,
5ea9f059-2086-4471-bc0e-13bda05ab498,
5364f8cc-5bc7-4cef-a8a6-e20ae6c2aa30,
ae676989-6320-4d91-890c-1ef5fa67de21,
5c776529-56d6-477d-b646-5d0d39abf1b8,
c03c070c-9c67-4f12-bf25-c83c73ed78c1,
bb3d1192-e423-4399-9ec9-f81fa710792d,
ed0ca854-6438-46e0-ba5e-9a6bc6552d56,
004390ad-c7a1-4462-b0de-dbd76350235a,
98103914-b6f4-480c-9ac4-e6c138970082,
8010f862-3cb2-4e36-bbca-9a829ac819bb,
8ab756ff-b49d-489a-9a64-a00b2fbe7b10,
c7742fb0-df80-45ac-887a-aca023fd581c,
bdf1c249-95d0-42a8-b1f1-7a3d284e9fd4,
660a5c8c-c0c2-468b-8a74-bc419b007402,
3098773b-f619-4539-9fb5-1fb39fa4c2e5,
0c95fb67-5f5e-4cd8-a1ba-e2a8e00ac70e,
9d3402b5-2595-4922-bca9-251857d54467,
38f6d524-7d3e-4d9b-b8d8-7bcb5b2c15a4,
7c814d32-337b-48cc-a8f8-e94025a08ea2,
0902c3d0-37c6-4bf8-a266-b0013fdcb29b,
1cfb9e08-b9cb-4823-adcc-d5b922f9db25,
4c1c2700-6f59-46bd-9357-6c4775968b70,
b6d085bf-fe5b-4aea-82a5-afeda0b72fec,
f95682cb-d192-44ef-a4f0-d8c08792122a,
80a8c53a-36f4-46bf-be79-592e85c025f1,
3a226430-9ca2-456a-b623-4de2fd56d109,
0517f71b-c709-4ebd-af65-04da5ff39135,
802cc59a-9efd-44a7-8092-8599f6afeead,
8a1e0a25-e65f-4544-85b2-a0715a5f8d85,
bf527bdf-4729-4973-8101-f0146687d37b,
3b8e3cbe-b339-41e0-aec6-9316c119f81c,
27361e37-af59-4d9f-ba51-d8ae5395721c,
328f3ac3-c19e-47fd-b483-d6270331d019,
307e2414-11ca-40c5-b17a-f2f98847387e,
0dee7627-53f5-4601-939a-5d671149ab0b